informal,formal
aaaaaah,ah
aaaaamiiiiin,amin
amin,amin
aaamin,amin
aaammmiinnnn,amin
aamiin,amin
aamiinnn,amin
aaminn,amin
abang,kakak
abang2,kakak
abangnya,kakak
abis,habis
acc,setuju
accent,aksen
acem,asem
acernya,acer
act,tindak
ad,ada
adakah,ada
adalah,ada
adanya,ada
add2,tambah
adeh,aduh
adek,adik
adia,dia
adic,adik
adik2,adik
adiknya,adik
adios,sampai jumpa
adu,aduh
aduuuh,aduh
ae,saja
aga,agak
again,lagi
agency,agensi
agent,agen
agk,agak
agreeeee,setuju
ahn,ah
ai,saya
aih,ah
aim,bidik
aimm,bidik
aimnya,bidik
aing,saya
aj,saja
aja,saja
ajah,saja
ajalah,saja
ajaran,ajar
ajarin,ajar
aje,saja
ajg,anjing
ajk,ajak
ajng,anjing
ajuin,mengajukan
ak,saya
akang,kakak
akhirnya,akhir
aku,saya
akuh,saya
alami,alam
alasan,alas
alasannya,alas
alesan,alas
alhamdulilah,alhamdulillah
aliran,alir
all,semua
alo,halo
always,selalu
ama,sama
aman2,aman
amarahnya,amarah
amat,sangat
amateur,amatir
amazing,luar biasa
ambassador,duta besar
amennn,amin
amerikanos,amerika
amiin,amin
amin,amin
among,antara
ampe,sampai
ampunn,ampun
anaknya,anak
ancur,hancur
ancurin,hancur
and,dan
andzing,anjing
anda,kamu
ander,bawah
androidnya,android
ane,saya
angels,malaikat
anglenya,sudut
angry,marah
anjay,anjing
anjeek,anjing
anjeng,anjing
anjenk,anjing
anjenk,anjing
anjer,anjing
anjerr,anjing
anjg,anjing
anjier,anjing
anjiiiiir,anjing
anjiir,anjing
anjiiir,anjing
anjinx,anjing
anjingggg,anjing
anjir,anjing
anjirlah,anjing
anjr,anjing
anjreeettt,anjing
another,lain
ansos,anti sosial
antum,kamu
anyak,banyak
anying,anjing
any,setiap
anyinh,anjing
ap,apa
apaaan,apa
apaan,apa
apakabar,apa kabar
apakah,apa
apakahhhh,apa
apal,hapal
apani,apa ini
apanich,apa ini
apanih,apa ini
apanya,apa
apasih,apa sih
apatuh,apa itu
apawn,apa
apeee,apa
aplod,unduh
apss,apa
ar,adalah
are,adalah
around,sekitar
art,seni
arts,seni
aryuhir,apa kamu disini
as,seperti
asek,asyik
asem,asam
asian,asia
asik,asyik
assalamu,assalamualaikum
asu,anjing
asupan,asup
asw,anjing
at,pada
ataupun,atau
ati,hati
ati2,hati
ato,atau
attack,serang
attacked,serang
atuut,takut
audio,suara
auto,oto
aw,aduh
awasin,awas
awesome,luar biasa
aya,ayah
ayahnya,ayah
ayaw,iya
ayok,ayo
baaaaaang,kakak
babang,kakak
babe,ayah
babu,pembantu
baby,bayi
bacanya,baca
back,belakang
backsound,suara belakang
bad,jelek
badzingaan,bajing
baeeee,saja
bag,tas
bagi2,bagi
bagian,bigi
bagng,kakak
bagoss,bagus
bagusnya,bagus
bagust,bagus
baguts,bagus
bahagia,bahagia
bahasannya,bahasa
baje,bajaj
bajian,bajing
bakalan,bakal
balance,imbang
bales,balas
bamg,bang
bamsat,bangsat
banana,pisang
bang,kakak
Bangcat,bangsat
banget,sangat
bangke,bangkai
bangkeke,bangkai
bango,bangau
bangs,kakak
bangsaaaaaaaaad,bangsat
bangsaat,bangsat
bangsad,bangsat
bangset,bangsat
bangssaaat,bangsat
bangsyat,bangsat
bangzad,bangsat
bangzat,bangsat
banh,kakak
banhcat,bangsat
banhsat,bangsat
banke,bangkai
banteng2,banteng
bantet,pendek
banyakan,banyak
bapacc,ayah
bapack,ayah
bapacnya,ayah
bapak,ayah
bapak2,ayah
bapaknya,ayah
bapanya,ayah
bapck,ayah
bapk,ayah
bapuk,ayah
barapa,berapa
bareng,bersama-sama
bartendernya,bartender
barusan,baru
bat,sangat
battle,tarung
batubata,batu bata
bawa2,bawa
bayangin,bayang
baywan,satu lawan satu
bb,berat badan
bbggzaaat,bangsat
bean,kacang
bear,beruang
beb,bayi
bed,kasur
bedanya,beda
bedanyaaa,beda
bedarahlah,darah
bee,lebah
begadang,bergadang
begee,bagus
begimana,bagaimana
begins,mulai
begitulah,begitu
bego,bodoh
behind,belakang
bejad,bejat
bekas,bekas
belajar2,belajar
belakangan,belakang
belom,belum
bencong,banci
bene,benar
bened,larang
benefit,untung
bener,benar
beneran,benar
bentarnya,bentar
benturkan,bentur
beraksi,aksi
beranak,anak
berasa,rasa
berbagi,bagi
berbahaya,bahaya
berbeda,beda
berbentuk,bentuk
berbisa,bisa
berbulu,bulu
bercanda,canda
bercermin,cermin
berencana,rencana
bergaul,gaul
bergejolak,gejolak
bergema,gema
bergerak,gerak
bergoyang,goyang
berhalangan,halang
berharap,harap
berikan,beri
berisiknya,berisik
beritahu,beri tahu
berkedok,kedok
berkelompok,kelompok
berkembang,kembang
berkerujak,merajuk
berkomedi,komedi
berkunjung,kunjung
berlangganan,langgan
berlebihan,lebih
bermanfaat,manfaat
bermasalah,masalah
berniat,niat
berpa,berapa
berpengalaman,alam
berpindah,pindah
bersahabat,teman
bersemoet,semut
bersilaturahmi,silahturahmi
bersyukur,syukur
bertahan,tahan
bertelor,telur
bertelur,telur
bertobat,tobat
berturut,turut
berubah,ubah
beruban,uban
berulah,ulah
berumur,umur
berusaha,usaha
besoknya,besok
best,terbaik
bestman,manusia terbaik
bet,sangat
bete,bosan
betelooor,telur
better,baik
betul,benar
bg,kakak
bgasi,bagasi
bgebahas,bahas
bget,sangat
bgke,bangkai
bgsd,bangsat
bgssstttt,bangsat
bgst,bangsat
bgt,sangat
bgzd,bangsat
bgzt,bangsat
bhank,bahak
bhs,bahasa
biarpun,biar
biasakan,biasa
biasalah,biasa
biasanya,biasa
bice,bisa
bidji,biji
bidjie,biji
biikin,buat
bijik,biji
bijiq,biji
bikin,buat
bilangnya,bilang
bilek,seperti
bilogi,biologi
bimbingannya,bimbing
bini,istri
binik,istri
bintannnng,binatang
bintitan,bintit
biset,heran
bismilah,bismillah
bistu,habis itu
bjir,anjing
bjirr,anjing
bkannya,bukan
bkep,film dewasa
bkn,bukan
bkp,film dewasa
black,hitam
blash,ledakan
blasst,ledakan
blast,ledakan
blek,bodoh
blekpink,blackpink
bles,ledakan
blm,belum
bln,bulan
bloc,bodoh
blok,bodoh
blom,belum
blon,belum
blood,darah
bludreg,beludak
blue,biru
bnag,benar
bner,benar
bnf,kakak
bng,kakak
bntar,bentar
bntl,bantal
bntr,benar
bnyk,banyak
bocah,anak
bochil,anak
bocik,anak
bocil,anak
bocil2,anak
bocilnya,anak
bodo,bodoh
bodoh,bodoh
bodoklah,bodoh
bodohlah,bodoh
bodolah,bodoh
bodoolah,bodoh
bogel,pendek
bohong,bohong
boi,anak
bok,film dewasa
bokeb,film dewasa
bokep,film dewasa
bokp,film dewasa
bola2,bola
bole,boleh
bomat,bodoh sangat
book,buku
bookmark,tanda buku
borak,boraks
bosen,bosan
bot,robot
botakin,botak
botdolaahhh,bodoh
botnya,robot
botol,botol
botw,robot
boxing,tinju
boy,anak
bqng,kakak
bqpaknya,ayah
br,baru
braker,rusak
brand,merek
brani,berani
brantem,antem
brapa,berapa
brarti,berarti
bread,roti
break,hancur
brengcek,berengsek
brengjek,berengsek
brengsek,berengsek
brh,kakak
brisik,berisik
bro,kakak
brp,berapa
brpa,berapa
brubah,berubah
bruh,kakak
bruuh,kakak
brwosing,selancar
bs,bisa
bsk,besok
bsng,kakak
btw,bicara
bu,ibu
buffer,sangga
buffering,sangga
bug,serangga
bugil,telanjang
bujangannya,bujang
bujet,heran
bukannya,bukan
buku2,buku
bulet,bulat
bull,banteng
bully,gertak
buly,gertak
buncit,gendut
bundir,bunuh diri
bung,kakak
buntet,pendek
burnt,bakar
buronan,buron
bursa,pasar
buset,heran
busuk,jelek
but,tetapi
buwung,burung
bvang,kakak
bwt,buat
by,oleh
bye,tinggal
cable,kabel
caboooool,cabul
call,panggil
calm,santai
camer,calon mertua
camkan,lihat
cant,tidak bisa
cape,capai
capeeeee,capai
capek,capai
captai,kapten
car,mobil
caranya,cara
cardio,kardio
carilah,cari
carry,angkat
cart,kart
case,kasus
cassava,singkong
catet,catat
caught,dapat
ceban,sepuluh ribu
cepu,khianat
ceriia,ceria
ceritanya,cerita
ceriya,ceria
cerminnya,cermin
cewe,perempuan
cewe2,perempuan
cewek,perempuan
cewenya,perempuan
ceweknya,perempuan
challangenya,tantang
challenge,tantang
chamber,ruang
champ,juara
champions,juara
chanelnya,saluran
channel,saluran
channelnya,saluran
char,karakter
chat,obrol
cheat,curang
cheating,curang
cheerleder,pemandu sorak
cherry,ceri
chicken,ayam
ciki,makanan ringan
circle,lingkaran
cirkel,lingkaran
cit,curang
city,kota
ciuman,cium
ciyusss,serius
cking,sangat
claim,klaim
clip,klip
clipeer,klip
clipper,klip
clod,awan
close,dekat
cloud,awan
club,klub
cmn,cuma
cobaan,coba
cobain,coba
cod,tunai
code,kode
cok,berengsek
colok,tusuk
collab,kolaborasi
cols,kolom
com,datang
come,datang
community,komunitas
contohin,contoh
contohnya,contoh
control,kontrol
controller,kontrol
cool,keren
co,berengsek
copid,corona
copyrighted,hak cipta
coral,koral
core,inti
coronaanjing,corona anjing
cosplay,kostum
cosplayer,kostum
cospley,kostum
costumize,kostum
country,negara
course,latih
cowo,laki-laki
cowok,laki-laki
cowoknya,laki-laki
cowonya,laki-laki
cr,hak cipta
crab,kepiting
crack,hancur
credit,kredit
creepy,seram
crew,kru
cringe,jijik
cross,silang
crosshair,silang
crossnya,silang
crypto,kripto
cs,counter-strike
csgo,counter-strike
ctrl,kontrol
cuan,uang
cucunya,cucu
cuh,berengsek
cujkkk,berengsek
cuk,berengsek
cukong2,cukong
cult,kultus
cuman,cuma
cupu2,cupu
cur,mobil
cut,potong
cute,imut
cutek,imut
cuy,teman
daah,sudah
dadah,dada
dah,sudah
dahlah,sudah lah
daijobu,tidak apa apa
dalemnya,dalam
damage,rusak
damn,sial
dapet,dapat
dapetinnya,dapat
darimana, dari mana
daritdi,dari tadi
dark,gelap
dateng,datang
day,hari
days,hari
debes,baik
dede,adik
dedek,adik
deeptalk,obrol dalam
defak,persetan
defeated,kalah
deja,telah rasa
dejapu,telah rasa
dejavu,telah rasa
dek,adik
deket,dekat
deketinnya,dekat
delai,tunda
delay,tunda
delaynya,tunda
demen,suka
deng,deh
denger,dengar
dengerin,dengar
dependable,andal
depinitip,pasti
deskripsinya,deskripsi
deuh,deh
device,perangkat
devour,lahap
dewifortuna,dewi beruntung
dh,sudah
diacungi,acungi
diadain,ada
diajak,ajak
diajarin,ajar
diancem,ancam
dianya,dia
diatas,atas
dibabat,babat
dibaca,baca
dibacain,baca
dibahas,bahas
dibakar,bakar
dibalik,balik
dibantai,bantai
dibawa,bawa
dibayar,bayar
dibelain,bela
dibiarin,biar
dibilang,bilang
diblok,blokir
dibuat,buat
dibully,tundung
dibuntutin,buntut
dibunuh,bunuh
dicabut,cabut
dicari,cari
dicariin,cari
dickon,diskon
didatengin,datang
didikan,ajar
difoto,foto
digaji,haji
digambar,gambar
diganti,ganti
digas,gas
digebukin,pukul
digendong,gendong
digituin,begitu
digratisin,gratis
dihajar,hajar
dihina,hina
dihirup,hirup
diinget,ingat
diinjek,injak
diintip,intip
dijadwal,jadwal
dijaga,jaga
dijamin,jamin
dijawab,jawab
dijebak,jebak
dijelasin,jelas
dijodohin,jodoh
dikacangin,diam
dikalahkan,kalah
dikasih,kasih
dikatain,kata
dikategorilan,kategori
dikelas,kelas
dikelilingi,keliling
dikira,kira
dikondisikan,kondisi
dilakukan,lakukan
dilanjut,lanjut
dilanjutin,lanjut
dilepas,lepas
diliat,lihat
diluar,luar
diludahin,ludah
dimakan,makan
dimaksud,maksud
dimanfaatin,manfaat
dimarahin,marah
dimengerti,mengerti
dimulai,mulai
dinerf,turun
dingomongin,kata
dini,kecil
dinoise,berisik
dinosaurush,dinosaurus
dipake,pake
dipanggil,panggil
dipantau,pantau
diperpanjang,panjang
dipertanyakan,tanya
dipotong,potong
dipukul,pukul
dipunggung,punggung
dirajam,rajam
director,direktur
dirimu,diri kamu
dirinya,diri dia
dirumah,rumah
diruqyah,ruqyah
disable,batas
disalahkan,salah
disamain,sama
disantet,sihir
disebar,sebar
disebut,sebut
disebutkan,sebut
disembelih,potong
diselimuti,selimut
diseluruh,seluruh
disenggol,senggol
disepak,tendang
disiarin,siar
disini,sini
disita,sita
disitu,sana
dislike,tidak suka
disogok,sogok
dispam,spam
distributor,distributor
disudahi,sudah
disuruh,perintah
ditampol,pukul
ditanya,tanya
ditembak,tembak
ditemenin,teman
ditolak,tolak
ditonton,tonton
ditrima,terima
ditutup,tutup
diundur,mundur
diupdate,baru
diya,dia
diye,dia
djidat,jidat
dlm,dalam
dlu,dulu
dm,pesan
dmg,rusak
dimana,mana
do,lakukan
doain,doa
doang,saja
doank,saja
doggy,anjing
dogy,anjing
doi,pacar
doin,lakukan
don,tidak
donate,donasi
dong,dong
donk,dong
donot,jangan
dont,jangan
donv,jangan
doong,dong
dosennya,dosen
dossier,berkas
doto,dota
double,dobel
douji,komik
dowload,unduh
down,jatuh
dpt,dapat
dr,dari
dragon,naga
dri,dari
drifting,drift
drop,jatuh
dsilike,tidak suka
dtg,datang
dtk,detik
duelist,duel
duh,aduh
duit,uang
duitnya,uang
duke,bangsawan
duluan,dulu
duluin,dulu
dummy,bodoh
duo,dua
dupann,dufan
duuuhhh,aduh
duuuhhhh,aduh
dw,dynasty warrior
dw9,dynasty warrior
dyam,diam
dyry,diri
eat,makan
ebuseng,heran
eco,lingkungan
edisien,edisi
edition,edisi
eg,eh
ekeke,[ketawa]
ekonominya,ekonomi
ekspansi,luas
elah,kecewa
elu,kamu
elunya,kaumu
emaknya,ibu
emang,benar
emangnya,benar
ember,bocor
embud,jembut
emg,benar
emng,beanr
emot,emotikon
emu,emulator
ena,enak
encu,berengsek
engga,tidak
enggak,tidak
enggres,inggris
enggris,inggris
englis,inggris
eniwey,bicara
enjoy,santai
enjoyer,santai
entar,sebentar
ente,kamu
enterraiment,hibur
entet,setubuh
ep1,episode 1
eps,episode
equipment,pakai
error,salah
erteo,ganggu
eser,acer
esident,resident
esjewe,sjw
esol,berengsek
esprot,olahraga elektronik
euy,heran
event,acara
everbody,orang
everyday,hari
everyone,orang
everything,semua
evil,jahat
evio,jahat
eyeeees,mata
eyes,mata
facebooknya,facebook
fact,fakta
faedahnya,manfaat
fair,adil
fak,sial
fakboi,berengsek
fake,palsu
fakta,fakta
family,keluarga
fanget,sangat
fans,pengikut
fansnya,pengikut
fantasy,fantasi
fanteng,ganteng
fat,gemuk
father,ayah
fb,facebook
fbnya,facebook
feed,makan
feeding,makan
feel,perasa
feelsbadman,kurang baik
fetish,fetish
fetishnya,fetish
ff,final fantasy
ff7,final fantasy 7
ff7r,final fantasy 7 remake
film2,film
final,akhir
finally,akhir
finalnya,akhir
finish,akhir
fire,api
firstmedia,first media
fix,baik
flash,kilat
flashh,kilat
flashnya,kilat
flast,kilat
flat,datar
flawless,sempurna
flert,goda
flex,pamer
flexinf,pamer
flexing,pamer
flexxinggg,pamer
flexxx,pamer
flight,terbang
flirting,goda
flying,terbang
fm,first media
foam,busa
follow,ikut
for,untuk
force,paksa
forgot,lupa
forgotten,lupa
fortun,beruntung
fortuna,beruntung
fortunjing,beruntung
fortunjingggg,beruntung
fox,rubah
fpanya,fps
fps,fps
frag,bunuh
free,gratis
frickin,berengsek
friend,teman
friends,teman
friendship,teman
friendzone,teman
fucekboi,berengsek
fucekkkboy,berengsek
fud,makan
fuk,sial
full,penuh
fullnya,penuh
fun,senang
funi,senang
funtastic,takjup
funtistic,takjup
fu,sial
g,tidak
ga,tidak
gaad,tidak ada
gaada,tidak ada
gabakal,tidak akan
gabeda,tidak beda
gabener,tidak benar
gaberes,tidak benar
gabisa,tidak bisa
gabungan,gabung
gabut,bosan
gacha,undi
gada,tidak ada
gadang,besar
gae,homo
gaees,teman
gaenak,tidak enak
gaes,teman
gagitu,tidak begitu
gaguna,tidak guna
gais,teman
gaje,tidak jelas
gak,tidak
galau,gelisah
gamau,tidak mau
gambar,gambar
game,main
gamenya,main
gamer,main
games,main
gaming,main
gampang,mudah
gampar,pukul
gamungkin,tidak mungkin
gan,teman
gantemg,ganteng
gantungan,ganteng
gaosah,tidak perlu
gapapa,tidak apa apa
gapunya,tidak punya
gara2,kerena
gasalah,tidak salah
gaseru,tidak seru
gaskan,gas
gasken,gas
gasskeun,gas
gatau,tidak tahu
gate,gerbang
gatel,gatal
gates,gerbang
gauli,gaul
gausah,tidak perlu
gay,homo
gblk,bodoh
gbsa,tidak bisa
gebetan,suka
gebetannya,suka
geblek,bodoh
gede,besar
gedek,besar
gegara,gara gara
geh,homo
gei,homo
gelaa,gila
gelasnya,gelas
gelep,gelap
gella,gila
gelud,berantem
gelut,berantem
gemanya,gema
gembira,senang
gemes,gemas
geming,main
gemink,main
gemuk,gemuk
gemukin,gemuk
gendong,angkat
gendut,gemuk
general,umum
genre,jenis
genrenya,jenis
gentak,pukul
geplak,pukul
geplak2,pukul
gerl,perempuan
ges,teman
geseng,gosong
get,dapat
gg,main baik
ggimana,bagaimana
gg2022,main baik 2022
ggbang,main baik kakak
ggnt,main baik coba baik
ggs,main baik
ggwp,main baik
ggwp2022,main baik 2022
giant,raksasa
gift,hadiah
giitu,begitu
gilaak,gila
gilaaak,gila
gilak,gila
gile,gila
gilee,gila
gileee,gila
gils,gila
gimana,bagaimana
gimana2,bagaimana
gimanaya,bagaimana
gimane,bagaimana
gimaneeeeh,bagaimana
gimna,bagaimana
gini,begini
giniana,begini
ginjalnya,ginjal
gip,hadiah
girl,perempuan
girlfriend,pacar
gitu,begitu
gituan,begitu
gituh,begitu
give,hadiah
giveaway,hadiah
gk,tidak
glitch,salah
glory,mulia
gmana,bagaimana
gmmn,bagaimana
gmn,bagaimana
gmna,bagaimana
gmnn,bagaimana
gn,begini
go,pergi
goblok,bodoh
god,tuhan
godam,sial
goes,pergi
going,pergi
goks,gila
goksss,gila
golden,emas
gombalin,rayu
good,baik
goodvibes,atmosfir baik
gopud,go food
got,dapat
govlok,bodoh
gp,tidak apa apa
gpp,tidak apa apa
grand,besar
great,baik
greget,nafsu
grinding
gt,begitu
gtu,begitu
gua,saya
gubluk,bodoh
gue,saya
gunta,ganti
guoblim,bodoh
gurl,perempuan
gurunya,guru
guys,teman
gw,saya
gwa,saya
gwoblokkkk,bodoh
gws,semoga sehat
gymnya,gym
haalooooo,halo
hack,retas
hadeeuuuhhh,aduh
hadeh,aduh
hadeuhhh,aduh
hadirin,hadir
haduh,aduh
hah,ha
halah,alah
hall,halo
hallo,halo
halohalohalo,halo halo halo
handsome,ganteng
hanya,cuma
hap,tangkap
hape,hp
happening,terjadi
hardcore,susah
harganya,harga
harian,hari
harimu,hari kamu
harvest,panen
harvestmoon,panen bulan
hate,benci
hater,benci
haters,benci
hati2,hati
hatilah,hati
have,punya
haven,surga
hayo,ayo
hbis,habis
he,hah
head,kepala
headset,penyuara kuping
headsetnya,penyuara kuping
healthy,sehat
heart,hati
heartbreak,hati hancur
heaters,benci
heaven,surga
heavenly,surga
hedsetnya,penyuara kuping
heeeeeiiiiii,woi
heeeweeeeee,bersetubuh
heei,woi
heh,hah
hei,woi
hell,sungguh
hello,halo
helo,halo
hent,mesum
hentai,mesum
hepi,senang
her,dia
here,sini
hes,dia
hey,woi
hg,lagi
hhhhehhhhhh,hah
hi,hai
hiatos,hiatus
high,tinggi
hihiks,sedih
hime,putri
hir,sini
his,dia
hiya,iya
hoak,berita bohong
hoax,berita bohong
hoe,woi
hoki,untung
hokinya,untung
hold,tahan
home,rumah
honey,madu
hoo],ho
hooax,berita bohong
hoooore,hore
horny,nafsu
hororrant,valorant
horror,horor
horse,kuda
host,tuan rumah
hostnya,tuan rumah
hot,panas
house,rumah
how,bagaimana
hqha,[ketawa]
hslo,halo
hua,saya
hub,pusat
huehueheuh,[ketawa]
huh,hah
huhuhuhuh,[menangis]
humornya,humor
hunt,buru
hunter,buru
husband,suami
hut,pondok
huwwaaaa,[menangis]
i,saya
ibunya,ibu
icebox,kotak es
id,indonesia
ide,iseng
ig,instagram
iihhh,ih
ijo,hijau
iklannya,iklan
iktu,ikut
ikutan,ikut
ikutan2,ikut
ikz,ayo
ilang,hilang
illegal,ilegal
im,saya
immortal,abadi
imposter,tipu
impostor,tipu
in,masuk
indo,indonesia
inet,internet
influencer,pengaruh
ingeit,ingat
inget,ingat
ingfo,info
ingres,inggris
inikan,ini
inilah,ini
inimah,ini
injek,injak
insecure,tidak aman
internal,dalam
intinya,inti
introvert,tutup
invest,investasi
ipidnya,ipad
iron,besi
is,adalah
isep,hisap
isinya,isi
island,pulau
iso,bisa
istrinya,istri
it,itu
its,itu
iyaiyaiya,iya
iyalah,iya
iye,iya
jadian,jadi
jadih,jadi
jadiin,jadi
jadilah,jadi
jadu,jadi
jadwalnya,jadwal
jaipongan,jaipong
jajmen,hakim
jaksel,jakarta selatan
jamsot,tembak lompat
jamsut,tembak lompat
jan,jangan
jancoj,berengsek
jancok,berengsek
jangaaaan,jangan
jangaan,jangan
jangan2,jangan
jangkauan,jangkau
jangna,jangan
jarinya,jari
jatoh,jatuh
jav,film dewasa
javu,pernah
jawb,jawab
jayen,raksasa
jd,jadi
jdi,jadi
jdung,hidung
jebakan,jebak
jejepangan,jepang
jembud,jembut
jemvut,jembut
jenk,anjing
jentet,jelek
jeti,juta
jg,juga
jga,juga
jgn,jangan
jgnkan,jangan
jijijk,jijik
jijique,jijik
jik,jijik
jin,anjing
jing,anjing
jingan,bajing
jink,anjing
jinx,anjing
jir,anjing
jngn,jangan
job,kerja
jodohku,jodoh
joget2,joget
join,ikut
joke,lucu
jokes,lucu
jokesnya,lucu
jokiin,joki
jomblo,lajang
jontor,bengkak
joooorrrrooook,jorok
jt,juta
judgement,hakim
judulnya,judul
judupnya,judul
jugakk,juga
jugam,juga
jugdment,hakim
jumpshoot,lompat tembak
jumpshot,lompat tembak
jurusan,jurus
just,hanya
jut,juta
jyjyck,jijik
jyjyl,jijik
k,baik
ka,kakak
kaan,kan
kabarnya,kabar
kacangin,diem
kacaw,kacau
kaga,tidak
kagak,tidak
kak,kakak
kaka,kakak
kalimatnya,kalimat
kalinya,kali
kalo,kalau
kalok,kalau
kameranya,kamrea
kampang,sial
kampret,sial
kamuh,kamu
kamving,kambing
kang,kakak
kang2,kakak
kap,juara
kapam,kapan
karakternya,karakter
karbitan,musim
karna,karena
karyanya,karya
karyawannya,karya
kasian,kasih
kata2nya,kata
katainnya,kata
katanya,kata
kate,kata
katering,makan
kawan,taman
kawanku,taman
kayak,seperti
kayaknya,seperti
kayanya,seperti
kayu,kayu
keasaman,asam
kebahagiaan,bahagia
kebangun,bangun
kebanyak,banyak
kebanyakan,banyak
kebawah,bawah
kebeli,beli
keberatan,berat
kebetulan,benar
kebiasaan,biasa
kebingungan,bingung
kebodohan,bodoh
keburuh,buru
kecabut,cabut
kecepatan,cepat
kecopas,salin
kecowa,kecewa
kedelay,tunda
kedepan,depan
kedua,dua
keduan,dua
kegep,tangkap
kehidupan,hidup
kehilangan,hilang
keidungnya,hidung
keiggrisan,inggris
keinget,ingat
keiteman,hitam
kejadian,jadi
kejauhan,jauh
kejombloan,lajang
kek,seperti
kekayaan,kaya
keker,kekar
kekeuh,kekeh
keknya,seperti
kelainan,lain
kelakuan,laku
kelanjutan,lanjut
kelar,selesai
kelepasan,lepas
kelewatan,lewat
keliatan,lihat
keluara,keluar
kemana,mana
kemaren,kemarin
kematian,mati
kempes,kempis
kemprul,berengsek
kemudahan,mudah
kemungkinan,mungkin
kemungkinannya,mungkin
ken,kan
kentangnya,kentang
kepake,pakai
kepalanya,kepala
kepikiran,pikir
keplak,pukul
keplal,pukul
kerasa,rasa
kerjaan,kerja
kerjanya,kerja
kesambet,kesurupan
kesedak,tersedak
kesel,kesal
keselek,tersedak
kesempatan,sempat
keseruan,seru
kesesatan,sesat
kesian,kasihan
kesiangan,siang
kesini,ke sini
kesukaan,suka
kesulitannya,sulit
ketahuan,tahu
ketampanan,ganteng
ketangkep,tangkap
ketauan,tahu
ketec,ketiak
ketek,ketiak
ketelen,telan
ketempelan,kesurupan
ketemu,temu
ketemuan,temu
keterusan,terus
ketex,ketiak
ketinggalan,tinggal
keyboardnya,papan ketik
kezal,kesal
kezeel,kesal
kezel,kesal
kg,tidak
kgk,tidak
kill,bunuh
kiloan,kilo
king,raja
kirain,kira
kkkk,[ketawa]
kl,kalau
klean,kalian
klo,kalau
klw,kalau
kmpret,sial
kmrn,kemaren
kn,kan
knew,tahu
knight,ksatria
know,tahu
knp,kenapa
kntl,berengsek
ko,kok
kocokan,kocok
kocook,kocok
kog,kok
koh,kakek
kolab,kolaborasi
kolornya,celana dalam
komen,komentar
komen2,komentar
komenlu,komentar kamu
komennya,komentar
kompitable,kompatibel
kondisiin,kondisi
kondisikan,kondisi
konsen,konsentrasi
konsepnya,konsep
konteiner,kotak
koook,kok
koq,kok
kopirek,hak cipta
koq,kok
korean,korea
kpn,kapan
kram,keram
kresek2,keresek
ks,maling bunuh
ku,saya
kubilang,aku bilang
kudu,harus
kuduga,duga
kukinkangkukikng,kukingkang
kukuking,kukingkang
kung,kukingkang
kungking,kukingkang
kungkingkang,kukingkang
kungkingkangkunggg,kukingkang
kungkingkangs,kukingkang
kungkingkangtm,kukingkang
kungkingkungkingkang,kukingkang
kungkinkangggg,kukingkang
kuningan,kuning
kupret,berengsek
kurang2,kurang
kursinya,kursi
kyak,seperti
kyk,seperti
kyknya,seperti
kzl,kesal
la,lah
laba2,laba
laen,lain
laennya,lain
lag,lambat
lagging,lambat
lagidah,lagi
lago,lagi
lahi,lagi
lahirnya,lahir
laip,langsung
lajut,lanjut
lakik,laki-laki
lakinya,laki-laki
lakuin,lakukan
lalalala,lalala
lama2,lama
lanjutin,lanjut
lanjutkan,lanjut
laper,lapar
lapoooor,lapor
laporan,lapor
laporr,lapor
laprak,lapor
last,akhir
latency,ganggu
later,nanti
lau,lau
layout,susun
leader,pemimpin
lebaran,lebar
leg,babak
legebet,homo
legend,legenda
lelaki,laki-laki
lelaqi,laki-laki
lemot,lambat
lep,laptop
leptop,laptop
les,ayo
lessgo,ayo
let,biar
lets,ayo
letsgo,ayo
level,tingkat
lg,lagi
lgbt,homo
lgi,lagi
lgsg,langsung
lh,lah
lha,lah
lho,lah
liat,lihat
life,hidup
lih,lah
like,suka
link,tautan
linknya,tautan
lion,singa
lite,ringan
literelly,harfiah
literli,harfiah
live,langsung
livenya,langsung
livestream,siaran langsung
livestreamnya,siaran langsung
lngsung,langsung
lnjut,lanjut
lo,kamu
loading,memuat
loe,kau
log out,keluar
loh,lah
lohe,lah
lom,belum
lompagt,lompat
loncat,lompat
loo,kamu
lord,tuan
lost,hilang
loudest,keras
love,cinta
low,kecil
lu,kamu
luck,untung
lulebih,kamu lebih
lust,nafsu
luttu,lucu
lutuna,lucu
lvl,tingkat
maaaaati,mati
maaaati,mati
maaati,mati
maap,maaf
maapkan,maaf
maati,mati
maati,mati
mab,maaf
mabar,main bareng
mabarnya,main bareng
mabok,mabuk
macem,macam
macer,macet
machine,mesin
madness,gila
madu,madu
maem,makan
maen,main
maenan,main
maenin,main
maennya,main
magazine,majalah
mager,malas
mahakuasa,maha kuasa
mahluk,makhluk
mai,saya
mainan,main
mainin,main
mainnya,main
mainyya,main
majuin,maju
mak,ibu
makanan,makan
makanannya,makan
makannya,maka
makanya,maka
makasi,terima kasih
makasih,terima kasih
makbung,makan
make,pakai
maker,buat
maks,maksimal
maksain,maksa
maksud,maksud
maksudnya,maksud
mala,malah
malahan,malah
malahn,malah
malai,mulai
malam,malam
malem,malam
malem2,malam
males,malas
malink,maling
mall,pasar
malming,malam minggu
malu2in,malu
mama,ibu
mamah,ibu
mampos,mati
mampus,mati
man,laki-laki
mananya,mana
manas,panas
manasin,panas
mande,ibu
mane,mana
manfaatin,manfaat
manfaatnya,manfaat
manggil,panggil
mangkanya,maka
manis,manis
manly,laki-laki
mannnlly,laki-laki
mantap,bagus
mantep,bagus
mantul,bagus
manwha,komik
marahan,marah
marahin,marah
marathon,maraton
maretabak,martabak
mari,ayo
marketing,pasar
mas,kakak
masalahnya,masalah
masang,pasang
masgem,kakak gem
masi,masih
masing2,masing
masnya,kakak
masok,masuk
master,tuan
masuk2,masuk
masukan,masuk
masukin,masuk
mataku,mata
matamu,mata
matanya,mata
match,cocok
matiin,mati
matti,mati
mau,ingin
maunya,ingin
may,boleh
mayad,mayat
mayan,lumayan
mba,kakak
mbaaaak,kakak
mbae,kakak
mbahas,bahas
mbak,kakak
me,saya
meanan,main
mecahin,pecah
med,media
meek,berengsek
megang,pegang
mek,berengsek
melakukan,lakukan
meledak,ledak
melers2,meler
melihat,lihat
melihata,lihat
melucu,lucu
memanjang,panjang
memberkatimu,berkat
membingungkan,bingung
membuat,buat
memew,berengsek
memihak,pihak
memikirkan,pikir
memilih,pilih
mempermasalahkan,masalah
men,laki-laki
menahan,tahan
menangis,tangis
menari,tari
menarik,tarik
mencari,cari
mencerna,cerna
mencium,cium
mendatang,datang
mendengar,dengar
mendingan,mending
mendunia,dunia
menengah,tengah
menerangi,terang
mengancam,ancam
mengatasi,atas
mengbuset,kaget
mengeras,keras
mengesedih,sedih
menggema,gema
menggunakan,guna
menghadapi,hadap
menghadeh,aduh
menghasilkan,hasil
menghentikan,henti
menghilang,hilang
menghilangkan,hilang
menghina,hina
mengingatkan,ingat
menginvasi,invasi
mengjanjikan,janji
mengoleksi,koleksi
mengpiso,pisau
mengsad,sedih
mengsedih,sedih
meniggal,mati
meninggaaall,mati
meninggal,mati
menjadi,jadi
menjauh,jauh
menonton,tonton
mentalnya,mental
mentang2,mentang
menular,tular
menunggu,tunggu
menurt,turut
menurun,turun
menurut,turut
menurutlu,turut
menurutmu,turut
menyerah,serah
menyerang,serang
menyusahkan,susah
mepet,sempit
meq,berengsek
meqq,berengsek
merasa,rasa
merealisasikannya,wujud
meskipun,meski
mesti,harus
metavers,metaverse
mew,berengsek
meyakinkan,yakin
mh,mah
mhs,mahasiswa
mi,saya
mic,mikrofon
mid,tengah
mikir,pikir
miner,tambang
miners,tambang
minjem,pinjam
minuman,minum
minute,menit
miroring,kaca
mista,tuan
mister,tuan
mix,gabung
mlu,terus
mnurut,menurut
mo,mau
mobilnya,mobil
mod,modifikasi
modelannya,model
modny,modifikasi
modnya,modifikasi
modus,modal bohong
moho,homo
moment,momen
mon,mohon
monday,senin
moon,bulan
more,lebih
morning,pagi
mortal,fana
moshi,halo
motion,gerak
mottonya,moto
mouse,tetikus
move,gerak
movie,film
movie12,film 12
movienya,film
mr,tuan
msk,masuk
mu,kamu
muji,puji
mukanya,muka
mukul,pukul
mulailah,mulai
mulainya,mulai
mulao,mulai
mulau,mulai
mulu,terus
munculnya,muncul
munyuk,berengsek
musti,pasti
musuhnya,musuh
muter,putar
my,saya
myself,saya
na,nah
naaah,nah
nabrak,tabrak
nabung,tabung
naek,naik
nagih,tagih
nahan,tahan
naikin,naik
nak,anak
nakaaaaaaal,nakal
nakcal,nakal
naked,telanjang
namain,nama
namanya,nama
namanye,nama
namatin,tamat
nambah,tambah
nambahin,tambah
name,nama
nampar,pukul
nangis,tangis
nanya,tanya
nanyain,tanya
napa,kenapa
napas,nafas
narkoboy,narkoba
naruhoddo,oh
naruhodo,oh
nasehat,nasihat
nasgor,nasi goreng
nawar,negosiasi
nayangin,tayang
ncuk,berengsek
nd,tidak
ndaftar,daftar
ndak,tidak
ne,kan
nech,kan
need,butuh
negatip,negatif
neh,ini
nembak,tembak
nembaknya,tembak
nempel,tempel
nenek2,nenek
neplik,netflix
nerakah,neraka
nerjain,kerja
never,tidak pernah
next,lanjut
nga,tidak
ngab,teman
ngaci,benar
ngaco,sembarang
ngadepin,hadap
ngajak,ajak
ngajarin,ajar
ngajuin,aju
ngak,tidak
ngakaaang,ketawa
ngakak,ketawa
ngaku,akui
ngalah,kalaj
ngalamin,alami
ngalangin,halang
ngambang,ambang
ngambek,kecewa
ngamok,marah
ngamuk,marah
ngancem,ancam
nganggur,menganggur
ngapa,apa
ngapain,apa
ngapainn,apa
ngape,apa
ngaruh,pengaruh
ngawur,sembarang
nge,lakukan
ngebahas,bahas
ngebaut,baut
ngebug,salah
ngebym,gym
ngecarry,angkat
ngecast,siar
ngecek,cek
ngecit,curang
ngeclip,klip
ngedeket,dekat
ngeflash,kilat
ngegas,gas
ngegym,gym
ngeh,mengerti
ngeharem,harem
ngeheal,sembuh
ngehina,hina
ngejoke,lucu
ngejokes,lucu
ngelag,lambat
ngelak,hindar
ngelawak,lucu
ngelawan,lawan
ngeleg,lambat
ngeliat,lihat
ngeliatnya,lihat
ngelucu,lucu
ngelurusinnya,lurus
ngembang,mengembang
ngepel,pel
ngeramein,ramai
ngerjain,kerja
ngeroshan,roshan
ngerti,erti
ngeselin,kesal
ngeshare,bagi
ngesimp,idola
ngestuck,sangkut
ngesync,sinkron
ngetik,ketik
ngetroll,iseng
ngga,tidak
nggak,tidak
nggk,tidak
ngidde,iseng
ngide,iseng
ngide2,iseng
ngideh,iseng
ngie,iseng
ngikut,ikut
ngilang,hilang
ngilangin,hilang
ngilu,nyeri
ngiri,iri
ngiwi,bersetubuh
ngk,tidak
ngo,bilang
ngobrol,bilang
ngobrolnya,bilang
ngocok,kocok
ngomong,bilang
ngomongin,bilang
ngomongnya,bilang
ngompol,kencing
ngopi,kopi
ngotak,pikir
nguap,uap
ngukur,ukur
ngulang,ulang
ngumpul,kumpul
ngurus,urus
ngurusin,urus
ngutang,utang
nhohhh,lah
ni,ini
niatnya,niat
nice,bagus
nich,ini
nigga,negro
night,malam
nightclub,klub malam
nih,ini
niih,ini
nikah,kawin
nikahan,kawin
nikahnya,kawin
nikmat,enak
nikmati,enak
nikmatin,enak
nikung,tikung
ninggal,tinggal
ninggalin,tinggal
ninju,tinju
niw,ini
njawab,jawab
njay,anjing
njing,anjing
njiing,anjing
njir,anjing
nntn,tonton
no,tidak
nobar,tonton bareng
nogmong,bilang
noice,bagus
nois,bagus
noise,bagus
nolak,tolak
nongkrong,kumpul
nongol,muncul
nonton,tonton
nonton2,tonton
nontonin,tonton
nontonnya,tonton
noob,pemula
no,tidak
noooooooooooooo],tidak
noos,nitro
not,tidak
notif,notifikasi
notip,notifikasi
notulensi,nota
now,sekarang
npc,karakter
nt,kerja bagus
ntar,nanti
ntet,berengsek
ntnn,tonton
ntnt,kerja bagus
nugas,tugas
nuke,nuklir
nulis,tulis
nunda,tunda
nunggu,tunggu
nungguin,tunggu
nunjuk,tunjuk
nurunin,turut
nut,kacang
ny,nya
nyak,nya
nyambung,sambung
nyampe,sampai
nyampur,campur
nyari,cari
nyarik,cari
nyaris,hampir
nyasar,sasar
nyebut,sebut
nyeee,nya
nyemil,makan
nyentuh,sentuh
nyepam,spam
nyerang,serang
nyeri,sakit
nyetir,setir
nyiarin,siar
nying,anjing
nyium,cium
nyoba,coba
nyobain,coba
nyogok,sogok
nyoh,ini
nyolong,maling
nyoooh,ini
nyumpahin,sumpah
nyusahin,susah
nyusul,susul
obatnya,obat
obesitas,gendut
obsnya,obs
odgj,gila
of,dari
offline,luring
ogah,tidak mau
ohiya,oh iya
oi,woi
okeh,oke
om2,om
omdo,bilang doang
omelin,bilang
omg,ya tuhan
omnya,om
omom,om om
omongan,bilang
omongannya,bilang
on,hidup
onde,ya ampun
one,satu
onlen,daring
online,daring
ooh,oh
ooof,of
oooh,oh
oot,luar topik
open,buka
opening,buka
optical,optik
or,atau
orag,orang
orang2,orang
orangnya,orang
orderan,pesan
org,orang
organization,organisasi
orgnya,orang
orgy,gila
orocji,orochi
ortu,orang tua
otak,Orientasi Studi dan Pengenalan Kampus
otaknya,otak
out,keluar
over,terlalu
overkill,terlalu bunuh
overthinking,terlalu pikir
owalah,oalah
owh,oh
oya,oh iya
pa,apa
paan,apa
pacaran,pacar
pacarin,pacar
pacarmu,pacar
pacarnya,pacar
pack,kemas
padahal,pada
pak,ayah
pake,pakai
pakek,pakai
paksain,paksa
pala,kepala
palingan,paling
pamk,ayah
pan,kapan
pandal,vandal
pandangan,pandang
pani,panik
panic,panik
panicck,panik
panjanga,panjang
pantek,berengsek
pantes,pantas
papa,ayah
paraah,parah
paradox,paradoks
parh,parah
part,bagian
password,kata sandi
pastilah,pasti
pasto,pasti
pasword,kata sandi
patah2,patah
patain,patah
patrik,patrick
pc,pesan
pdkt,dekat
pecaaah,pacah
pee,kencing
pegag,pegang
pegalaman,alami
pegn,ingin
pejantan,laki-laki
pelampiasan,lampias
pelawak,lawak
pemaksaan,paksa
pembahasan,bahas
pembahasanya,bahas
pembelaan,bela
pembiasaan,biasa
pembukaan,buka
pemuas,puas
pemuja,puja
pen,ingin
pencibir,bilang
pendengaran,dengar
pendidikan,didik
pending,tunda
penduduk,orang
penect,tekan
penelitian,teliti
pengajian,ngaji
pengalaman,alami
pengancaman,ancam
pengen,ingin
penggemar,gemar
penghapusan,hapus
penikmat,enak
penilaian,nilai
peningkatan,tingkat
penjilat,jilat
penjual,jual
penolakan,tolak
penonton,tonton
penyakitan,sakit
penyebar,sebar
pepet,dekat
perampokkan,maling
perasaan,rasa
perbandingannya,banding
perbanyak,banyak
percobaan,coba
percuma,cuma
perfilman,film
pergaulan,gaul
pergaulannya,gaul
perjudian,judi
perkembangan,kembang
perkumpulan,kumpul
persahabatan,teman
persetan,tidak peduli
pertanyaan,tanya
pertemanan,teman
perutnya,perut
perv,mesum
pg,pagi
pgn,ingin
phasmo,phasmophobia
philipina,filipina
philipine,filipina
photo,foto
pidio,video
pijet,pijat
pikiran,pikir
pilihannya,pilih
pingnya,ping
pinjol,pinjam daring
pinter,pintar
pirate,bajak laut
pke,pakai
plaaant,tanam
place,letak
plan,pelan
plangton,plankton
plant,tanam
plasnt,tanam
play,main
playboy,berengsek
player,main
playstoer,playstore
playstylenya,gaya main
pleace,tolong
please,tolong
pleying,main
plis,tolong
plot,rencana
pls,tolong
po,apa
podast,siniar
podcast,siniar
podcst,siniar
podo,bodoh
pojokan,pojok
pokeb,film dewasa
polantas,polisi lalu lintas
poor,sedih
popato,kentang
popcastnya,siniar
porh,film dewasa
pork,babi
porn,film dewasa
pornza,film dewasa
port,gerbang
porter,gerbang
positive,positif
potato,kentang
potkes,siniar
pox,rubah
pp,foto
prediksinya,prediksi
presiksi,prediksi
pressure,tekan
prevet,mesum
prewed,menikah
pria,laki-laki
pro,profesi
problem,masalah
processornya,prosesor
production,produk
project,proyek
projektor,proyek
proker,kerja
prosesnya,proses
prosi,proksi
pruti,fruittea
ps,playstation
ps1,playstation
ps3,playstation
ps4,playstation
ps5,playstation
psikiater,psikis
psvita,playstation
pukulin,pukul
pulak,pula
pulici,polisi
punggungnya,panggung
punyanya,punya
pura2,pura
pure,suci
push,dorong
put,letak
putao,putau
puter,putar
putingnya,puting
puuun,pun
q,saya
qaqa,kakak
qna,tanya
quotes,kutip
qutunya,kutu
r,adalah
raccon,rakun
raccoon,rakun
race,balap
racist,rasis
racoon,rakun
racooncity,kota rakun
rada,agak
rada2,agak
rafatar,rafathar
rainbow,pelangi
ramalan,ramal
rame,ramai
rame2,ramai
rampok,maling
random,acak
rank,peringkat
rassul,rasul
rata2,rata
rated,peringkat
ravi,rafi
re,resident evil
re2,resident evil
re4,resident evil
react,reaksi
reaction,reaksi
ready,siap
real,nyata
realistis,nyata
really,sungguh
rebahan,tidur
rebanaan,tidur
rebu,rabu
rebuild,bangun ulang
recommend,rekomendasi
record,rekam
rectangle,kotak
red,merah
reeboot,ulang
refresh,segar
region,wilayah
rekom,rekomendasi
rekomen,rekomendasi
relate,hubungan
releasenya,rilis
remake,buat ualng
remastered,remaster
remember,ingat
rendem,rendam
replay,main ulang
report,lapor
reproduksi,produksi
reset,ulang
respect,hormat
respond,tanggapan
respondinf,tanggapan
responding,tanggapan
restart,ulang
restream,ulang siaran
return,kembali
review,tinjau
rewind,putar ulang
rex,raja
ribet,susah
ricuh,rusuh
right,benar
rilisnya,rilis
ringan2,ringan
rip,mati
rise,bangkit
rmh,rumah
rn,sekarang
roasting,panggang
rock,batu
role,peran
roll,putar
romusha,kerja paksa
room,ruang
rosak,rusak
round,babak
routernya,router
rp,mati
rto,lambat
ruangannya,ruang
ruginya,rugi
ruin,hancur
rumahindi,rumah
rumahnya,rumah
rumpi,merumpi
rusaaaaaaak,rusak
rusaaaaak,rusak
rusaaaak,rusak
rush,serbu
rusyak,rusak
ruuun,lari
saalh,salah
sad,sedih
sadja,saja
sagean,mesum
sagne,mesum
saha,siapa
sahabat,teman
sahabatnya,teman
saia,saya
said,bilang
sakitpunggung,sakit punggung
salahin,salah
sali,saling
samaan,sama
samanya],sama
sampe,sampai
sampek,sampai
sange,nafsu
sarcastic,sarikas
sat,berengsek
satunya,satu
sawadikap,bersetubuh
saweriany,saweria
sawerianya,saweria
sayangnya,sayang
sbelah,sebelah
scan,pindai
scene,adegan
school,sekolah
screamin,teriak
screen,layar
script,naskah
scroll,gulung
se7,setuju
search,cari
season,musim
sebaik,baik
sebenarnya,benar
sebenci,benci
sebenernya,benar
sebenrnya,benar
sebentar,bentar
sebesar,besar
sebutin,sebut
second,kedua
secret,rahasia
sedagu,sampai dagu
sedangkan,sedang
sedap,enak
sedigh,sedih
seenak,enak
seenaknya,enak
seetaaan,setan
segini,gini
seh,sih
seharga,harga
sehari,hari
sejack,sejak
sejam,ja
sekalai,sekali
sekalian,sekali
sekalinya,sekali
sekeluarga,keluarga
seketika,ketika
sekian,kian
sekilo,kilo
sekolahlah,sekolah
sekomplek,komplek
sekuat,kuat
selamatin,selamat
selebihnya,lebih
self,sendiri
selow,santai
seminggu,minggu
semuanya,semua
semudah,mudah
senasib,nasib
sendirei,sendiri
sendiri2,sendiri
sendirian,sendiri
seneng,senang
senjatanya,senjata
sentil,pukul
sentolooop,sentolop
sentolopbest,sentolop
sentoloper,sentolop
sentolopers,sentolop
sentoloph,sentolop
sentoloppp,sentolop
senyumnya,senyum
seorang,orang
sepertinya,seperti
sepidol,spidol
septictank,septic tank
serah,terserah
serect,pilih
serem,seram
seriiiiing,sering
seringnya,sering
seris,serius
servisnya,servis
sesaaat,sesat
sesad,sesat
SESATTTTTT,sesat
sesay,sesat
seseorang,orang
seson,musim
sesuatu,suatu
setahun,tahun
setelah,telah
setelan,setel
setengah,tengah
seterah,terserah
setidaknya,tidak
setolopers,sentolop
setori,cerita
setting,setel
settingan,setel
settingannya,setel
seven,tujuh
share,bagi
shield,perisai
shift,geser
shiro,putih
shoot,tembak
shooting,tembak
short,pendek
shotgun,tembak
show,tampil
siapa2,siapa
siapatuh,siapa itu
siapkan,siapa
sich,sih
sickness,sakit
side,sudut
siih,sih
sij,sih
silver,perak
simp,idola
simulation,simulasi
simulator,simulasi
single,lajang
sins,dosa
sipuden,shippuden
sir,tuan
sircel,lingkaran
sirkel,lingkaran
sirkle,lingkaran
sisanya,sisa
sispek,otot
sister,kakak
sisternya,kakak
sit,duduk
site,lokasi
sketbod,papan luncur
skin,kulit
skinnya,kulit
skip,lewat
skip2,lewat
skirpsi,skripsi
skola,sekolah
skolah,sekolah
skrg,sekarang
skri,skripsi
skrng,sekarang
slalu,selalu
sleding,luncur
slepet,pukul
sm,sama
sma,sama
smester,semester
smooothh,mulus
smooth,mulus
smpe,sampai
smua,semua
snake,ular
snap,tangkap
snep,tangkap
snipe,tembak
sniper,tembak
snipernya,tembak
sniping,tembak
snjatanya,senjata
so,jadi
soalny,soal
soalnya,soal
social,sosial
solusinya,solusi
some,beberapa
someone,orang
something,beberapa
sopiiler,bocor
sorry,maaf
sosmed,sosial media
sotau,sok tahu
sotrynya,cerita
sound,suara
soundtrack,suara
spamer,spam
speaker,suara
speedrun,berlari cepat
spider,laba laba
spiderman,laba laba
spike,duri
spill,tumpah
spirit,jiwa
spiteng,septic tank
spngebob,spongebob
spoiler,bocor
squidwerd,squidward
ssambil,dengan
standing,berdiri
stands,berdiri
star,bintang
stay,tinggal
step,langkah
stepbro,kakak
stepsister,kakak
stike,serang
stiker,serang
still,tetap
stop,henti
store,pasar
stories,cerita
story,cerita
storynya,cerita
streamer,stream
streaming,stream
stress,stres
stressnya,stres
stresss,stres
stuck,jebak
su,anjing
suaranya,suara
suars,suara
subathonnya,subathon
subkreber,ikut
subs,ikut
subscribe,ikut
subscriber,ikut
subscribers,ikut
sudahi,sudah
sudh,sudah
suffer,derita
sukaan,suka
sukanya,suka
summertime,waktu musim panas
sun,matahari
support,penyokong
supression,redam
suqma,jiwa
suraranya,suara
sure,tentu
surrender,serah
suruhan,suruh
sus,sangka
suspect,sangka
suss,sangka
sutrada,sutradara
suu,anjing
sw,anjing
swab,tukar
swe,manis
switch,ganti
sya,saya
syedih,sedih
syuting,tembak
t3r53r4h,terserah
tabk,pukul
tabok,pukul
taboo,tabu
tadikan,tadi
tahiland,thailand
tahiq,tahi
tahiqque,tahi
tai,tahi
taik,tahi
tainy,tahi
tainya,tahi
tak,tidak
takes,ambil
takol,takut
takutnya,takut
tales,cerita
tamatan,tamat
tambahan,tambah
tampa,tidak pakai
tampar,pukul
tampilin,tampil
tampol,pukul
tampr,pukul
tamvan,ganteng
tamvar,pukul
tandanya,tanda
tanganwkkwkw,tangan [ketawa]
tanggapan,tanggap
tanpa,tidak pakai
tar,nanti
taro,letak
taroh,letak
taruh,letak
tau,tahu
taum,tahun
taun,tahun
taunya,tahu
tchi,cih
tdi,tadi
tdkn,tidak
tdr,tidur
team,tim
tebakanya,tebak
tekanan,tekan
tek,tanda
teknical,teknik
teletabis,teletubbies
teletubles,teletubbies
telor,telur
telpon,telepon
temanya,tema
temen,teman
temennya,teman
tempeleng,pukul
tepok,pukul
terangan,terang
terbaik,baik
terbaks,baik
terbantai,bantai
terbaru,baru
terbawa,bawa
terbesar,besar
terbukti,bukti
terburuk,buruk
tercarry,angkat
tercerahkan,cerah
tergantung,gantung
terharambe,haram
terhipnotis,hinotis
teriakan,teriak
teriakkan,teriak
terimakasih,terima kasih
terjangkit,jangkit
terjerumus,jerumus
terlalu,lalu
terlupakan,lupa
termasuk,masuk
ternyata,nyata
terputing,puting
terselubung,selubung
tersesat,sesat
tersindir,sindir
tersingkir,singkir
tertawa,tawa
tertikung,tikung
teru,terus
terua,terus
teruuus,terus
teryma,terima
test,tes
tetep,tetap
tewas,mati
tewasnya,mati
thai,thailand
than,dari
thank,terima kasih
that,itu
thats,itu
them,mereka
thingking,pikir
think,pikir
thinking,pikir
this,ini
thn,tahun
though,meski
thumbnail,gambar
tiati,hati hati
tiaty,hati hati
tiba2,tiba
tidaaaaaak,tidak
tidack,tidak
tidaknya,tidak
tiduran,tidur
tidurnya,tidur
tier,peringkat
tiktoker,tiktok
time,waktu
timetravel,jelajah waktu
timnas,tim nasional
tinggaliiin,tinggal
titlenya,gelar
tll,bodoh
tmen,teman
tmn,teman
to,ke
tol,bodoh
tolol,bodoh
tolonglah,tolong
tomp,tomb
tongkrongan,kumpul
tontonan,tonton
torpedonya,torpedo
towewew,besar
toxic,racun
tp,tapi
tpi,tapi
trademark,merek dagang
transfer,tukar
trend,tren
trgantikan,ganti
triangle,segitiga
tricky,trik
tried,coba
trilogy,trilogi
triple,tripel
tros,terus
trs,terus
truksi,instruksi
trus,terus
try,coba
tryhard,coba
tsundere,malu
tt,payudara
ttp,tetap
tu,itu
tub,bak
tubles,tidak pakai ban dalam
tuch,itu
tuh,itu
tuhi,tahi
tuhkannn,itu kan
tulung,tolong
tuman,biasa
tumben,tidak biasa
tuollol,bodoh
turn,belok
turu,turun
turunin,turun
turunn,turun
tusbol,tusuk
tutorial,ajar
tutoriyal,ajar
tuuuch,itu
twenty,dua puluh
twicth,twitch
twist,putar
twit,twitter
two,dua
ty,terima kasih
ty2,terima kasih
tydac,tidak
tydak,tidak
type,tipe
u,kamu
uas,ujian
uaslah,ujian
ubana,uban
ubanan,uban
ubannya,uban
ucapin,bilang
udah,sudah
udahaan,sudah
udahan,sudah
udahin,sudah
udahlah,sudah
udh,sudah
udqh,sudah
uga,juga
uhuy,uhuk
ujan,hujan
ujian,uji
ulangan,uji
ulekan,ulek
uler,ular
ultinya,ultimate
umr,gaji
un,uji
undangan,undang
undangannya,undang
underated,nilai
understable,erti
understand,erti
unggaas,unggas
ungkapkan,ungkap
unrated,nilai
untungnya,untung
up,naik
update,baru
upgrade,baru
upload,unggah
uplod,unggah
urusan,urus
urusannya,urus
us,kita
usahlah,perlu
usai,selesai
usbn,uji
useles,tidak guna
useless,tidak guna
ustad,guru
ustadz,guru
utak,otak
utik,otak
uuuuh,uh
uuuuuu,uh
uy,woi
vaanng,kakak
valo,valorant
valoran,valorant
vang,kakak
vangsat,berengsek
vibesny,atmosfer
viewers,tonton
vitubyang,begitu yang
vlog,video blog
voice,suara
vois,suara
vokep,film dewasa
vr,virtual
vtuber,virtual youtube
vuting,puting
vutink,puting
w,saya
wa,whatsapp
wad000,aduh
wadau,aduh
wadehek,apa itu
wadoh,aduh
wado,aduh
wadooh,aduh
waduch,aduh
waduh,aduh
waduu,aduh
waduuuh,aduh
wae,saja
wahai,hai
wai,tunggu
wait,tunggu
wajarnya,wajar
walaupun,walau
walkthrough,jalan cerita
wall,tembok
wallbang,tembak tembok
wangy,wangi
wanjir,anjing
war,perang
warasnya,waras
waria,banci
warnanya,warna
warrior,juang
warriors,juang
warrios,juang
warteg,warung
wat,apa
watashi,saya
way,jalan
wayolo,ayo lah
wduh,aduh
we,kita
weapon,senjata
web,jaring
webcam,jaring kamera
wedia,media
weh,wah
wei,woi
welcome,selamat datang
wele,aduh
weleh,aduh
well,baik
wellcome,selamat datang
were,adalah
wew,wow
wey,woi
wgwgwgw,[ketawa]
whaaat,apa
what,apa
whatapp,whatsapp
whatr,apa
when,kapan
where,mana
who,siapa
whut,apa
why,kenapa
wicis,yang mana
wih,wah
wiiih,wah
windows,jendela
wit,dengan
with,dengan
withcer,witcher
wo,woi
wo3,woi
woakqoqooq,[ketawa]
woe,woi
word,kata
world,dunia
worth,nilai
woy,woi
wrong,salah
wtf,apa
wuaduh,aduh
xiang,siang
yaah,yah
yadeeehh,iya deh
yaduch,aduh
yaduh,aduh
yaelah,aduh
yaelahh,aduh
yak,iya
yakan,iya kan
yakk,iya
yamete,henti
yameteh,henti
yaudah,ya sudah
yay,iya
yayy,iya
ye,iya
yeah,iya
yekann,iya kan
yes,iya
yey,iya
yg,yang
yng,yang
yo,iya
yok,ayo
youtubeny,youtube
youtuber,youtube
youtubers,youtube
yrug,homo
ytber,youtube
yuk,ayo
yutchuber,youtube
yutub,youtube
yutube,youtube
yutuber,youtube
zodiac,zodiak
zoom,besar